php,285
mysql,252
javascript,242
html,219
java,190
css,180
mssql,126
ajax,119
linux,114
c,104
jquery,99
asp,99
android,71
c/c++,69
word,68
excel,68
jsp,65
asp.net,63
powerpoint,56
c#.net,54
dreamweaver,49
windows7,47
xml,45
outlook,41
oracle,35
access,35
dhtml,34
sql,30
git,29
flash,29
c#,28
mvc,27
windowsxp,26
visualbasic,22
ui,21
windows2003,21
frontpage,21
visualc++,21
unix,20
visualstudio,20
objective-c,19
adobephotoshop,19
js,18
webapi,17
actionscript,16
apache,16
visualbasic.net,16
erp,16
androidapp,15
spring,15
